{
  "title": "Medical RAG Perf — Baykar Submission",
  "rows": 100,
  "latency": {
    "retrieval_time_ms": {
      "count": 100,
      "mean": 10.050599999999998,
      "std": 0.4075434209995298,
      "min": 9.57,
      "max": 11.55,
      "p50": 9.925,
      "p75": 10.2025,
      "p90": 10.484000000000002,
      "p95": 10.940999999999999,
      "p99": 11.3718,
      "p99.9": 11.532180000000002
    },
    "generation_time_ms": {
      "count": 100,
      "mean": 399.8460999999999,
      "std": 232.05602451087108,
      "min": 73.35,
      "max": 1652.3,
      "p50": 348.875,
      "p75": 499.2225,
      "p90": 624.9960000000002,
      "p95": 716.5035,
      "p99": 1478.644100000001,
      "p99.9": 1634.934410000002
    },
    "total_time_ms": {
      "count": 100,
      "mean": 412.4968,
      "std": 232.0669982176699,
      "min": 85.92,
      "max": 1664.5,
      "p50": 361.42999999999995,
      "p75": 511.7425,
      "p90": 638.7710000000001,
      "p95": 729.159,
      "p99": 1491.3391000000008,
      "p99.9": 1647.1839100000018
    }
  },
  "by_bucket": [
    {
      "bucket": "Long",
      "retrieval_time_ms_mean": 10.064285714285715,
      "retrieval_time_ms_p95": 10.734,
      "generation_time_ms_mean": 462.1745714285714,
      "generation_time_ms_p95": 753.9829999999995,
      "total_time_ms_mean": 474.87542857142853,
      "total_time_ms_p95": 766.6769999999993
    },
    {
      "bucket": "Medium",
      "retrieval_time_ms_mean": 10.05942857142857,
      "retrieval_time_ms_p95": 11.192,
      "generation_time_ms_mean": 372.5654285714286,
      "generation_time_ms_p95": 680.8859999999994,
      "total_time_ms_mean": 385.18542857142853,
      "total_time_ms_p95": 694.5239999999994
    },
    {
      "bucket": "Short",
      "retrieval_time_ms_mean": 10.024333333333336,
      "retrieval_time_ms_p95": 10.6265,
      "generation_time_ms_mean": 358.957,
      "generation_time_ms_p95": 691.9819999999999,
      "total_time_ms_mean": 371.585,
      "total_time_ms_p95": 704.4254999999998
    }
  ]
}