{
  "title": "Medical RAG Perf",
  "rows": 100,
  "latency": {
    "retrieval_time_ms": {
      "count": 100,
      "mean": 9.4856,
      "std": 1.2336322952971033,
      "min": 9.03,
      "max": 21.56,
      "p50": 9.31,
      "p75": 9.4525,
      "p90": 9.600999999999999,
      "p95": 9.7415,
      "p99": 10.719500000000055,
      "p99.9": 20.475950000000115
    },
    "generation_time_ms": {
      "count": 100,
      "mean": 289.0792,
      "std": 119.38374328760176,
      "min": 67.49,
      "max": 893.02,
      "p50": 273.48,
      "p75": 325.3575,
      "p90": 429.0220000000001,
      "p95": 497.78799999999995,
      "p99": 664.1914000000012,
      "p99.9": 870.1371400000024
    },
    "total_time_ms": {
      "count": 100,
      "mean": 301.21000000000004,
      "std": 119.55205491333054,
      "min": 79.56,
      "max": 904.76,
      "p50": 285.49,
      "p75": 337.19,
      "p90": 440.70500000000004,
      "p95": 511.015,
      "p99": 676.7531000000013,
      "p99.9": 881.9593100000025
    }
  },
  "by_bucket": [
    {
      "bucket": "Long",
      "retrieval_time_ms_mean": 9.797142857142859,
      "retrieval_time_ms_p95": 10.021999999999997,
      "generation_time_ms_mean": 336.32142857142856,
      "generation_time_ms_p95": 569.0389999999996,
      "total_time_ms_mean": 348.73885714285717,
      "total_time_ms_p95": 581.2589999999997
    },
    {
      "bucket": "Medium",
      "retrieval_time_ms_mean": 9.309142857142858,
      "retrieval_time_ms_p95": 9.659999999999998,
      "generation_time_ms_mean": 246.50685714285714,
      "generation_time_ms_p95": 350.22299999999996,
      "total_time_ms_mean": 258.45971428571426,
      "total_time_ms_p95": 362.348
    },
    {
      "bucket": "Short",
      "retrieval_time_ms_mean": 9.328,
      "retrieval_time_ms_p95": 9.655,
      "generation_time_ms_mean": 283.6310000000001,
      "generation_time_ms_p95": 450.30599999999987,
      "total_time_ms_mean": 295.635,
      "total_time_ms_p95": 462.28499999999985
    }
  ]
}