{
  "title": "Medical RAG Perf",
  "rows": 100,
  "latency": {
    "retrieval_time_ms": {
      "count": 100,
      "mean": 9.4685,
      "std": 0.16399618898011017,
      "min": 9.15,
      "max": 10.25,
      "p50": 9.445,
      "p75": 9.52,
      "p90": 9.651,
      "p95": 9.7715,
      "p99": 10.022300000000001,
      "p99.9": 10.227230000000002
    },
    "generation_time_ms": {
      "count": 100,
      "mean": 336.2223999999999,
      "std": 147.13691230360928,
      "min": 118.53,
      "max": 974.18,
      "p50": 320.92,
      "p75": 400.205,
      "p90": 472.659,
      "p95": 528.4369999999999,
      "p99": 933.6197000000002,
      "p99.9": 970.1239700000004
    },
    "total_time_ms": {
      "count": 100,
      "mean": 348.1564999999999,
      "std": 147.1338118813959,
      "min": 130.41,
      "max": 986.38,
      "p50": 332.73,
      "p75": 412.115,
      "p90": 484.70099999999996,
      "p95": 540.3559999999999,
      "p99": 945.6811000000002,
      "p99.9": 982.3101100000005
    }
  },
  "by_bucket": [
    {
      "bucket": "Long",
      "retrieval_time_ms_mean": 9.519714285714286,
      "retrieval_time_ms_p95": 9.806,
      "generation_time_ms_mean": 348.97257142857137,
      "generation_time_ms_p95": 507.44999999999993,
      "total_time_ms_mean": 360.9771428571429,
      "total_time_ms_p95": 519.5419999999999
    },
    {
      "bucket": "Medium",
      "retrieval_time_ms_mean": 9.441142857142857,
      "retrieval_time_ms_p95": 9.695,
      "generation_time_ms_mean": 348.94428571428574,
      "generation_time_ms_p95": 663.108999999999,
      "total_time_ms_mean": 360.8534285714286,
      "total_time_ms_p95": 675.093999999999
    },
    {
      "bucket": "Short",
      "retrieval_time_ms_mean": 9.440666666666665,
      "retrieval_time_ms_p95": 9.572999999999999,
      "generation_time_ms_mean": 306.505,
      "generation_time_ms_p95": 481.74949999999984,
      "total_time_ms_mean": 318.3860000000001,
      "total_time_ms_p95": 493.65449999999987
    }
  ]
}